--------------------------------------------------------
--  파일이 생성됨 - 목요일-4월-17-2025   
--------------------------------------------------------
--------------------------------------------------------
--  DDL for Table BOX
--------------------------------------------------------

  CREATE TABLE "BOX" 
   (	"BOX_CODE" VARCHAR2(10 BYTE), 
	"BOX_IMG_CODE" CHAR(3 BYTE), 
	"BOX_PRICE" NUMBER, 
	"BOX_NAME" VARCHAR2(30 BYTE)
   ) SEGMENT CREATION IMMEDIATE 
  PCTFREE 10 PCTUSED 40 INITRANS 1 MAXTRANS 255 
 NOCOMPRESS LOGGING
  STORAGE(INITIAL 65536 NEXT 1048576 MINEXTENTS 1 MAXEXTENTS 2147483645
  PCTINCREASE 0 FREELISTS 1 FREELIST GROUPS 1
  BUFFER_POOL DEFAULT FLASH_CACHE DEFAULT CELL_FLASH_CACHE DEFAULT)
  TABLESPACE "USERS" ;
--------------------------------------------------------
--  DDL for Table BOX_IMG
--------------------------------------------------------

  CREATE TABLE "BOX_IMG" 
   (	"BOX_IMG_CODE" CHAR(3 BYTE), 
	"BOX_IMG" VARCHAR2(300 BYTE)
   ) SEGMENT CREATION IMMEDIATE 
  PCTFREE 10 PCTUSED 40 INITRANS 1 MAXTRANS 255 
 NOCOMPRESS LOGGING
  STORAGE(INITIAL 65536 NEXT 1048576 MINEXTENTS 1 MAXEXTENTS 2147483645
  PCTINCREASE 0 FREELISTS 1 FREELIST GROUPS 1
  BUFFER_POOL DEFAULT FLASH_CACHE DEFAULT CELL_FLASH_CACHE DEFAULT)
  TABLESPACE "USERS" ;
--------------------------------------------------------
--  DDL for Table DELIVERY
--------------------------------------------------------

  CREATE TABLE "DELIVERY" 
   (	"ORDER_ID" NUMBER, 
	"PRODUCT_ID" VARCHAR2(36 BYTE), 
	"ADDRESS" VARCHAR2(100 BYTE), 
	"START_DELIVERY_DATE" DATE, 
	"DELIVERY_STATUS" CHAR(10 BYTE)
   ) SEGMENT CREATION IMMEDIATE 
  PCTFREE 10 PCTUSED 40 INITRANS 1 MAXTRANS 255 
 NOCOMPRESS LOGGING
  STORAGE(INITIAL 65536 NEXT 1048576 MINEXTENTS 1 MAXEXTENTS 2147483645
  PCTINCREASE 0 FREELISTS 1 FREELIST GROUPS 1
  BUFFER_POOL DEFAULT FLASH_CACHE DEFAULT CELL_FLASH_CACHE DEFAULT)
  TABLESPACE "USERS" ;
--------------------------------------------------------
--  DDL for Table MEMBER
--------------------------------------------------------

  CREATE TABLE "MEMBER" 
   (	"USER_PK" NUMBER, 
	"USER_ID" VARCHAR2(30 BYTE), 
	"USER_NAME" VARCHAR2(30 BYTE), 
	"USER_PASSWORD" VARCHAR2(100 BYTE), 
	"USER_NICKNAME" VARCHAR2(30 BYTE), 
	"ADDRESS" VARCHAR2(200 BYTE), 
	"ENROLL_DATE" DATE DEFAULT SYSDATE, 
	"STATUS" CHAR(1 BYTE) DEFAULT 'Y'
   ) SEGMENT CREATION IMMEDIATE 
  PCTFREE 10 PCTUSED 40 INITRANS 1 MAXTRANS 255 
 NOCOMPRESS LOGGING
  STORAGE(INITIAL 65536 NEXT 1048576 MINEXTENTS 1 MAXEXTENTS 2147483645
  PCTINCREASE 0 FREELISTS 1 FREELIST GROUPS 1
  BUFFER_POOL DEFAULT FLASH_CACHE DEFAULT CELL_FLASH_CACHE DEFAULT)
  TABLESPACE "USERS" ;
--------------------------------------------------------
--  DDL for Table PAY_BOX
--------------------------------------------------------

  CREATE TABLE "PAY_BOX" 
   (	"PAY_ID" NUMBER, 
	"USER_PK" NUMBER, 
	"BOX_CODE" VARCHAR2(10 BYTE), 
	"PRICE" NUMBER, 
	"PAY_METHOD" VARCHAR2(15 BYTE), 
	"PAY_DATE" DATE DEFAULT SYSDATE, 
	"REFUND_DATE" DATE, 
	"STATUS" VARCHAR2(8 BYTE) DEFAULT 'UNUSED'
   ) SEGMENT CREATION IMMEDIATE 
  PCTFREE 10 PCTUSED 40 INITRANS 1 MAXTRANS 255 
 NOCOMPRESS LOGGING
  STORAGE(INITIAL 65536 NEXT 1048576 MINEXTENTS 1 MAXEXTENTS 2147483645
  PCTINCREASE 0 FREELISTS 1 FREELIST GROUPS 1
  BUFFER_POOL DEFAULT FLASH_CACHE DEFAULT CELL_FLASH_CACHE DEFAULT)
  TABLESPACE "USERS" ;
--------------------------------------------------------
--  DDL for Table PRODUCT
--------------------------------------------------------

  CREATE TABLE "PRODUCT" 
   (	"PRODUCT_ID" VARCHAR2(36 BYTE), 
	"USER_PK" NUMBER, 
	"PRODUCT_SN" NUMBER, 
	"GET_DATE" DATE DEFAULT SYSDATE, 
	"DIARY" VARCHAR2(1000 BYTE), 
	"FORTUNE" VARCHAR2(500 BYTE), 
	"STATUS" VARCHAR2(20 BYTE) DEFAULT 'HAVE'
   ) SEGMENT CREATION IMMEDIATE 
  PCTFREE 10 PCTUSED 40 INITRANS 1 MAXTRANS 255 
 NOCOMPRESS LOGGING
  STORAGE(INITIAL 65536 NEXT 1048576 MINEXTENTS 1 MAXEXTENTS 2147483645
  PCTINCREASE 0 FREELISTS 1 FREELIST GROUPS 1
  BUFFER_POOL DEFAULT FLASH_CACHE DEFAULT CELL_FLASH_CACHE DEFAULT)
  TABLESPACE "USERS" ;
--------------------------------------------------------
--  DDL for Table PRODUCT_DETAIL
--------------------------------------------------------

  CREATE TABLE "PRODUCT_DETAIL" 
   (	"PRODUCT_SN" NUMBER, 
	"BOX_CODE" VARCHAR2(10 BYTE), 
	"PRODUCT_NAME" VARCHAR2(30 BYTE), 
	"PRODUCT_DESCRIPTION" VARCHAR2(300 BYTE), 
	"PRODUCT_PRICE" NUMBER, 
	"PRODUCT_IMG" VARCHAR2(300 BYTE)
   ) SEGMENT CREATION IMMEDIATE 
  PCTFREE 10 PCTUSED 40 INITRANS 1 MAXTRANS 255 
 NOCOMPRESS LOGGING
  STORAGE(INITIAL 65536 NEXT 1048576 MINEXTENTS 1 MAXEXTENTS 2147483645
  PCTINCREASE 0 FREELISTS 1 FREELIST GROUPS 1
  BUFFER_POOL DEFAULT FLASH_CACHE DEFAULT CELL_FLASH_CACHE DEFAULT)
  TABLESPACE "USERS" ;
--------------------------------------------------------
--  DDL for Table TRADE
--------------------------------------------------------

  CREATE TABLE "TRADE" 
   (	"TRADE_ID" NUMBER, 
	"STATUS" VARCHAR2(8 BYTE) DEFAULT 'STAY', 
	"REGIST_USER_PK" NUMBER, 
	"REGIST_PRODUCT_ID" VARCHAR2(36 BYTE), 
	"REGIST_DATE" DATE DEFAULT SYSDATE, 
	"REGIST_COMMENT" VARCHAR2(300 BYTE) DEFAULT '코멘트가 없습니다.', 
	"APPLY_USER_PK" NUMBER, 
	"APPLY_PRODUCT_ID" VARCHAR2(36 BYTE), 
	"APPLY_DATE" DATE DEFAULT SYSDATE, 
	"APPLY_COMMENT" VARCHAR2(300 BYTE) DEFAULT '코멘트가 없습니다.'
   ) SEGMENT CREATION IMMEDIATE 
  PCTFREE 10 PCTUSED 40 INITRANS 1 MAXTRANS 255 
 NOCOMPRESS LOGGING
  STORAGE(INITIAL 65536 NEXT 1048576 MINEXTENTS 1 MAXEXTENTS 2147483645
  PCTINCREASE 0 FREELISTS 1 FREELIST GROUPS 1
  BUFFER_POOL DEFAULT FLASH_CACHE DEFAULT CELL_FLASH_CACHE DEFAULT)
  TABLESPACE "USERS" ;
REM INSERTING into BOX
SET DEFINE OFF;
Insert into BOX (BOX_CODE,BOX_IMG_CODE,BOX_PRICE,BOX_NAME) values ('RBOX01','B1 ',99000,'black');
Insert into BOX (BOX_CODE,BOX_IMG_CODE,BOX_PRICE,BOX_NAME) values ('RBOX02','B2 ',59000,'platinum');
Insert into BOX (BOX_CODE,BOX_IMG_CODE,BOX_PRICE,BOX_NAME) values ('RBOX03','B3 ',49000,'gold');
Insert into BOX (BOX_CODE,BOX_IMG_CODE,BOX_PRICE,BOX_NAME) values ('RBOX04','B4 ',29000,'silver');
Insert into BOX (BOX_CODE,BOX_IMG_CODE,BOX_PRICE,BOX_NAME) values ('RBOX05','B5 ',9900,'bronze');
REM INSERTING into BOX_IMG
SET DEFINE OFF;
Insert into BOX_IMG (BOX_IMG_CODE,BOX_IMG) values ('B1 ','/semi_box/resources/images/black.jpg');
Insert into BOX_IMG (BOX_IMG_CODE,BOX_IMG) values ('B2 ','/semi_box/resources/images/platinum.jpg');
Insert into BOX_IMG (BOX_IMG_CODE,BOX_IMG) values ('B3 ','/semi_box/resources/images/gold.jpg');
Insert into BOX_IMG (BOX_IMG_CODE,BOX_IMG) values ('B4 ','/semi_box/resources/images/silver.jpg');
Insert into BOX_IMG (BOX_IMG_CODE,BOX_IMG) values ('B5 ','/semi_box/resources/images/bronze.jpg');
REM INSERTING into DELIVERY
SET DEFINE OFF;
Insert into DELIVERY (ORDER_ID,PRODUCT_ID,ADDRESS,START_DELIVERY_DATE,DELIVERY_STATUS) values (121,'be35edb3-90e6-47fa-a333-d123328a32ac','주소 1',to_date('25/04/16','RR/MM/DD'),'PROGRESS  ');
Insert into DELIVERY (ORDER_ID,PRODUCT_ID,ADDRESS,START_DELIVERY_DATE,DELIVERY_STATUS) values (122,'be35edb3-90e6-47fa-a333-d123328a32ac','주소 1',to_date('25/04/16','RR/MM/DD'),'PROGRESS  ');
REM INSERTING into MEMBER
SET DEFINE OFF;
Insert into MEMBER (USER_PK,USER_ID,USER_NAME,USER_PASSWORD,USER_NICKNAME,ADDRESS,ENROLL_DATE,STATUS) values (82,'test1','hong','12345678','name','서울',to_date('25/04/16','RR/MM/DD'),'Y');
Insert into MEMBER (USER_PK,USER_ID,USER_NAME,USER_PASSWORD,USER_NICKNAME,ADDRESS,ENROLL_DATE,STATUS) values (1,'user1','사용자1','password1','nickname1','주소 1',to_date('25/04/14','RR/MM/DD'),'Y');
Insert into MEMBER (USER_PK,USER_ID,USER_NAME,USER_PASSWORD,USER_NICKNAME,ADDRESS,ENROLL_DATE,STATUS) values (2,'user2','사용자2','password2','nickname2','주소 2',to_date('25/04/14','RR/MM/DD'),'Y');
Insert into MEMBER (USER_PK,USER_ID,USER_NAME,USER_PASSWORD,USER_NICKNAME,ADDRESS,ENROLL_DATE,STATUS) values (4,'user4','사용자4','password4','nickname4','주소 4',to_date('25/04/14','RR/MM/DD'),'Y');
Insert into MEMBER (USER_PK,USER_ID,USER_NAME,USER_PASSWORD,USER_NICKNAME,ADDRESS,ENROLL_DATE,STATUS) values (5,'user5','사용자5','password5','nickname5','주소 5',to_date('25/04/14','RR/MM/DD'),'Y');
Insert into MEMBER (USER_PK,USER_ID,USER_NAME,USER_PASSWORD,USER_NICKNAME,ADDRESS,ENROLL_DATE,STATUS) values (6,'user6','사용자6','password6','nickname6','주소 6',to_date('25/04/14','RR/MM/DD'),'Y');
Insert into MEMBER (USER_PK,USER_ID,USER_NAME,USER_PASSWORD,USER_NICKNAME,ADDRESS,ENROLL_DATE,STATUS) values (7,'user7','사용자7','password7','nickname7','주소 7',to_date('25/04/14','RR/MM/DD'),'Y');
Insert into MEMBER (USER_PK,USER_ID,USER_NAME,USER_PASSWORD,USER_NICKNAME,ADDRESS,ENROLL_DATE,STATUS) values (8,'user8','사용자8','password8','nickname8','주소 8',to_date('25/04/14','RR/MM/DD'),'Y');
Insert into MEMBER (USER_PK,USER_ID,USER_NAME,USER_PASSWORD,USER_NICKNAME,ADDRESS,ENROLL_DATE,STATUS) values (9,'user9','사용자9','password9','nickname9','주소 9',to_date('25/04/14','RR/MM/DD'),'Y');
Insert into MEMBER (USER_PK,USER_ID,USER_NAME,USER_PASSWORD,USER_NICKNAME,ADDRESS,ENROLL_DATE,STATUS) values (10,'user10','사용자10','password10','nickname101','주소 10',to_date('25/04/14','RR/MM/DD'),'Y');
Insert into MEMBER (USER_PK,USER_ID,USER_NAME,USER_PASSWORD,USER_NICKNAME,ADDRESS,ENROLL_DATE,STATUS) values (121,'user11','user11','qwerqwer','user11ㅇㅁㄹㄴ','주소 11',to_date('25/04/16','RR/MM/DD'),'N');
REM INSERTING into PAY_BOX
SET DEFINE OFF;
Insert into PAY_BOX (PAY_ID,USER_PK,BOX_CODE,PRICE,PAY_METHOD,PAY_DATE,REFUND_DATE,STATUS) values (112,121,'RBOX01',99000,'계좌이체',to_date('25/04/16','RR/MM/DD'),null,'USED');
Insert into PAY_BOX (PAY_ID,USER_PK,BOX_CODE,PRICE,PAY_METHOD,PAY_DATE,REFUND_DATE,STATUS) values (111,121,'RBOX01',99000,'카드결제',to_date('25/04/16','RR/MM/DD'),null,'USED');
Insert into PAY_BOX (PAY_ID,USER_PK,BOX_CODE,PRICE,PAY_METHOD,PAY_DATE,REFUND_DATE,STATUS) values (115,1,'RBOX03',49000,'계좌이체',to_date('25/04/16','RR/MM/DD'),to_date('25/04/16','RR/MM/DD'),'REFUND');
Insert into PAY_BOX (PAY_ID,USER_PK,BOX_CODE,PRICE,PAY_METHOD,PAY_DATE,REFUND_DATE,STATUS) values (113,121,'RBOX01',99000,'간편결제',to_date('25/04/16','RR/MM/DD'),null,'USED');
Insert into PAY_BOX (PAY_ID,USER_PK,BOX_CODE,PRICE,PAY_METHOD,PAY_DATE,REFUND_DATE,STATUS) values (101,10,'RBOX01',99000,'카드결제',to_date('25/04/16','RR/MM/DD'),null,'USED');
Insert into PAY_BOX (PAY_ID,USER_PK,BOX_CODE,PRICE,PAY_METHOD,PAY_DATE,REFUND_DATE,STATUS) values (102,10,'RBOX01',99000,'간편결제',to_date('25/04/16','RR/MM/DD'),null,'USED');
Insert into PAY_BOX (PAY_ID,USER_PK,BOX_CODE,PRICE,PAY_METHOD,PAY_DATE,REFUND_DATE,STATUS) values (103,10,'RBOX01',99000,'간편결제',to_date('25/04/16','RR/MM/DD'),null,'USED');
Insert into PAY_BOX (PAY_ID,USER_PK,BOX_CODE,PRICE,PAY_METHOD,PAY_DATE,REFUND_DATE,STATUS) values (104,10,'RBOX01',99000,'계좌이체',to_date('25/04/16','RR/MM/DD'),null,'USED');
Insert into PAY_BOX (PAY_ID,USER_PK,BOX_CODE,PRICE,PAY_METHOD,PAY_DATE,REFUND_DATE,STATUS) values (110,10,'RBOX01',99000,'카드결제',to_date('25/04/16','RR/MM/DD'),null,'USED');
Insert into PAY_BOX (PAY_ID,USER_PK,BOX_CODE,PRICE,PAY_METHOD,PAY_DATE,REFUND_DATE,STATUS) values (114,1,'RBOX01',198000,'카드결제',to_date('25/04/16','RR/MM/DD'),null,'UNUSED');
Insert into PAY_BOX (PAY_ID,USER_PK,BOX_CODE,PRICE,PAY_METHOD,PAY_DATE,REFUND_DATE,STATUS) values (107,7,'RBOX01',99000,'간편결제',to_date('25/04/16','RR/MM/DD'),null,'USED');
Insert into PAY_BOX (PAY_ID,USER_PK,BOX_CODE,PRICE,PAY_METHOD,PAY_DATE,REFUND_DATE,STATUS) values (105,7,'RBOX01',99000,'카드결제',to_date('25/04/16','RR/MM/DD'),null,'USED');
Insert into PAY_BOX (PAY_ID,USER_PK,BOX_CODE,PRICE,PAY_METHOD,PAY_DATE,REFUND_DATE,STATUS) values (106,7,'RBOX01',99000,'간편결제',to_date('25/04/16','RR/MM/DD'),null,'USED');
Insert into PAY_BOX (PAY_ID,USER_PK,BOX_CODE,PRICE,PAY_METHOD,PAY_DATE,REFUND_DATE,STATUS) values (108,7,'RBOX01',99000,'간편결제',to_date('25/04/16','RR/MM/DD'),null,'USED');
Insert into PAY_BOX (PAY_ID,USER_PK,BOX_CODE,PRICE,PAY_METHOD,PAY_DATE,REFUND_DATE,STATUS) values (109,10,'RBOX01',99000,'간편결제',to_date('25/04/16','RR/MM/DD'),null,'USED');
Insert into PAY_BOX (PAY_ID,USER_PK,BOX_CODE,PRICE,PAY_METHOD,PAY_DATE,REFUND_DATE,STATUS) values (121,2,'RBOX01',99000,null,to_date('25/04/16','RR/MM/DD'),null,'UNUSED');
Insert into PAY_BOX (PAY_ID,USER_PK,BOX_CODE,PRICE,PAY_METHOD,PAY_DATE,REFUND_DATE,STATUS) values (122,2,'RBOX01',99000,'카드결제',to_date('25/04/16','RR/MM/DD'),null,'UNUSED');
Insert into PAY_BOX (PAY_ID,USER_PK,BOX_CODE,PRICE,PAY_METHOD,PAY_DATE,REFUND_DATE,STATUS) values (123,7,'RBOX01',99000,'계좌이체',to_date('25/04/16','RR/MM/DD'),null,'USED');
REM INSERTING into PRODUCT
SET DEFINE OFF;
Insert into PRODUCT (PRODUCT_ID,USER_PK,PRODUCT_SN,GET_DATE,DIARY,FORTUNE,STATUS) values ('aaffbad0-d9c8-4249-ba41-69ba5dae032a',7,108,to_date('25/04/16','RR/MM/DD'),'철봉','지갑에 뜬금없이 떨어진 동전을 주워라!','TRADE');
Insert into PRODUCT (PRODUCT_ID,USER_PK,PRODUCT_SN,GET_DATE,DIARY,FORTUNE,STATUS) values ('4db7827c-b09e-4093-90f4-f76468d23451',10,102,to_date('25/04/16','RR/MM/DD'),'저장된 다이어리가 없습니다.','저장된 운세가 없습니다.','HAVE');
Insert into PRODUCT (PRODUCT_ID,USER_PK,PRODUCT_SN,GET_DATE,DIARY,FORTUNE,STATUS) values ('d00e81c0-e19b-43f0-b392-1c557f5d418e',10,104,to_date('25/04/16','RR/MM/DD'),'아이폰','지갑에 예상치 못한 돈이 들어올 것이니 준비해두세요.','TRADE');
Insert into PRODUCT (PRODUCT_ID,USER_PK,PRODUCT_SN,GET_DATE,DIARY,FORTUNE,STATUS) values ('a2417c47-e16e-46f0-96a9-77e18b76c8b8',121,108,to_date('25/04/16','RR/MM/DD'),'철봉','오늘은 예상치 못한 곳에서 돈이 찾아올 것이다.','TRADE');
Insert into PRODUCT (PRODUCT_ID,USER_PK,PRODUCT_SN,GET_DATE,DIARY,FORTUNE,STATUS) values ('be35edb3-90e6-47fa-a333-d123328a32ac',1,104,to_date('25/04/16','RR/MM/DD'),'기록이 없습니다.','운세를 가져오지 못했습니다.','HAVE');
Insert into PRODUCT (PRODUCT_ID,USER_PK,PRODUCT_SN,GET_DATE,DIARY,FORTUNE,STATUS) values ('07584290-da61-4fcd-bfd1-3eedf967b6e3',1,102,to_date('25/04/16','RR/MM/DD'),'기록이 없습니다.','운세를 가져오지 못했습니다.','HAVE');
Insert into PRODUCT (PRODUCT_ID,USER_PK,PRODUCT_SN,GET_DATE,DIARY,FORTUNE,STATUS) values ('5ad86200-3184-4fe2-9781-527337986fdf',121,106,to_date('25/04/16','RR/MM/DD'),'유모차 좋다!','오늘은 행운의 기운이 넘쳐나는 날이니 미리 준비해두세요!','HAVE');
Insert into PRODUCT (PRODUCT_ID,USER_PK,PRODUCT_SN,GET_DATE,DIARY,FORTUNE,STATUS) values ('ca91f8a1-0816-466b-99cd-28b271270ada',10,107,to_date('25/04/16','RR/MM/DD'),'수트','금전이 뜨거워지고 행운이 찾아오는 날이야.','TRADE');
Insert into PRODUCT (PRODUCT_ID,USER_PK,PRODUCT_SN,GET_DATE,DIARY,FORTUNE,STATUS) values ('a39eed18-0579-4e42-9f21-020ded4facbc',121,104,to_date('25/04/16','RR/MM/DD'),'저장된 다이어리가 없습니다.','저장된 운세가 없습니다.','HAVE');
Insert into PRODUCT (PRODUCT_ID,USER_PK,PRODUCT_SN,GET_DATE,DIARY,FORTUNE,STATUS) values ('be5208b1-d058-4bfb-8905-280ae00e364c',7,107,to_date('25/04/16','RR/MM/DD'),'수트','어제보다 오늘 더 행운이 따를 것이다.','TRADE');
Insert into PRODUCT (PRODUCT_ID,USER_PK,PRODUCT_SN,GET_DATE,DIARY,FORTUNE,STATUS) values ('a077f7fc-afb2-4b4f-b61e-9f9351b64422',7,101,to_date('25/04/16','RR/MM/DD'),'저장된 다이어리가 없습니다.','저장된 운세가 없습니다.','HAVE');
Insert into PRODUCT (PRODUCT_ID,USER_PK,PRODUCT_SN,GET_DATE,DIARY,FORTUNE,STATUS) values ('87630431-683e-4608-8976-072264e642f7',1,107,to_date('25/04/16','RR/MM/DD'),'기록이 없습니다.','운세를 가져오지 못했습니다.','HAVE');
Insert into PRODUCT (PRODUCT_ID,USER_PK,PRODUCT_SN,GET_DATE,DIARY,FORTUNE,STATUS) values ('048d6250-d4a3-4fb5-bd7b-1db72950934a',10,109,to_date('25/04/16','RR/MM/DD'),'저장된 다이어리가 없습니다.','저장된 운세가 없습니다.','HAVE');
Insert into PRODUCT (PRODUCT_ID,USER_PK,PRODUCT_SN,GET_DATE,DIARY,FORTUNE,STATUS) values ('b0155d2f-7da9-4f57-afb7-e4de09aab337',7,101,to_date('25/04/16','RR/MM/DD'),'랩탑','자신에게 가장 필요한 것을 믿고, 그것을 위해 노력하면 돈이 자연스럽게 찾아올 것이다.','TRADE');
Insert into PRODUCT (PRODUCT_ID,USER_PK,PRODUCT_SN,GET_DATE,DIARY,FORTUNE,STATUS) values ('914e6a1c-d198-48a2-bca2-cd55e4508a3b',10,102,to_date('25/04/16','RR/MM/DD'),'티비','지갑 속에 단단히 들어있는 돈 운이 높을 것이다.','HAVE');
Insert into PRODUCT (PRODUCT_ID,USER_PK,PRODUCT_SN,GET_DATE,DIARY,FORTUNE,STATUS) values ('7af95738-65c0-4eb1-926a-0c457afe988e',10,106,to_date('25/04/16','RR/MM/DD'),'유모차','금전이 예상보다 더 많이 들어올 것이다.','HAVE');
Insert into PRODUCT (PRODUCT_ID,USER_PK,PRODUCT_SN,GET_DATE,DIARY,FORTUNE,STATUS) values ('b9154631-6315-47d9-99fb-c8231a153500',7,108,to_date('25/04/16','RR/MM/DD'),'촐벌ㅇ','운세를 가져오지 못했습니다.','HAVE');
REM INSERTING into PRODUCT_DETAIL
SET DEFINE OFF;
Insert into PRODUCT_DETAIL (PRODUCT_SN,BOX_CODE,PRODUCT_NAME,PRODUCT_DESCRIPTION,PRODUCT_PRICE,PRODUCT_IMG) values (101,'RBOX01','Laptop','베이직북16 업무사무인강용 윈도우11 노트북 16GB/512GB',800000,'/resources/images/black99/laptop.jpg');
Insert into PRODUCT_DETAIL (PRODUCT_SN,BOX_CODE,PRODUCT_NAME,PRODUCT_DESCRIPTION,PRODUCT_PRICE,PRODUCT_IMG) values (102,'RBOX01','Television','LG전자 울트라HD 2024 LED 4K 75인치 스탠드형TV',70000,'/resources/images/black99/televison.jpg');
Insert into PRODUCT_DETAIL (PRODUCT_SN,BOX_CODE,PRODUCT_NAME,PRODUCT_DESCRIPTION,PRODUCT_PRICE,PRODUCT_IMG) values (103,'RBOX01','Washing Machine','LG전자 트롬 오브제컬렉션 세탁기 24kg',600000,'/resources/images/black99/washing.jpg');
Insert into PRODUCT_DETAIL (PRODUCT_SN,BOX_CODE,PRODUCT_NAME,PRODUCT_DESCRIPTION,PRODUCT_PRICE,PRODUCT_IMG) values (104,'RBOX01','iPhone 16e','애플 125GB 최신형 휴대폰',500000,'/resources/images/black99/iPhone16e.jpg');
Insert into PRODUCT_DETAIL (PRODUCT_SN,BOX_CODE,PRODUCT_NAME,PRODUCT_DESCRIPTION,PRODUCT_PRICE,PRODUCT_IMG) values (105,'RBOX01','Galaxy S25','삼성전자 256GB 최신형 휴대폰',400000,'/resources/images/black99/galuxyS25.jpg');
Insert into PRODUCT_DETAIL (PRODUCT_SN,BOX_CODE,PRODUCT_NAME,PRODUCT_DESCRIPTION,PRODUCT_PRICE,PRODUCT_IMG) values (106,'RBOX01','Baby Car','조이 피니티 시그니처 디럭스',300000,'/resources/images/black99/babycar.jpg');
Insert into PRODUCT_DETAIL (PRODUCT_SN,BOX_CODE,PRODUCT_NAME,PRODUCT_DESCRIPTION,PRODUCT_PRICE,PRODUCT_IMG) values (107,'RBOX01','Suit','트루젠 클래식핏 3pcs 정장세트',200000,'/resources/images/black99/suit.jpg');
Insert into PRODUCT_DETAIL (PRODUCT_SN,BOX_CODE,PRODUCT_NAME,PRODUCT_DESCRIPTION,PRODUCT_PRICE,PRODUCT_IMG) values (108,'RBOX01','Iron Bar','치닝디핑 턱걸이용 철봉',100000,'/resources/images/black99/ironbar.jpg');
Insert into PRODUCT_DETAIL (PRODUCT_SN,BOX_CODE,PRODUCT_NAME,PRODUCT_DESCRIPTION,PRODUCT_PRICE,PRODUCT_IMG) values (109,'RBOX01','Robot Cleaner','얼티밋홈 700 로봇청소기',100000,'/resources/images/black99/robotcleaner.jpg');
Insert into PRODUCT_DETAIL (PRODUCT_SN,BOX_CODE,PRODUCT_NAME,PRODUCT_DESCRIPTION,PRODUCT_PRICE,PRODUCT_IMG) values (110,'RBOX01','Handbag','CELINE 미디엄 아바 트리옹프 백',10000000,'/resources/images/black99/handbak.jpg');
Insert into PRODUCT_DETAIL (PRODUCT_SN,BOX_CODE,PRODUCT_NAME,PRODUCT_DESCRIPTION,PRODUCT_PRICE,PRODUCT_IMG) values (201,'RBOX02','perfume','디아르망옴므 커플향수세트',99000,'/resources/images/platinum59/perfume.jpg');
Insert into PRODUCT_DETAIL (PRODUCT_SN,BOX_CODE,PRODUCT_NAME,PRODUCT_DESCRIPTION,PRODUCT_PRICE,PRODUCT_IMG) values (202,'RBOX02','Iron','필립스 스팀다리미 1000',95000,'/resources/images/platinum59/Iron.jpg');
Insert into PRODUCT_DETAIL (PRODUCT_SN,BOX_CODE,PRODUCT_NAME,PRODUCT_DESCRIPTION,PRODUCT_PRICE,PRODUCT_IMG) values (203,'RBOX02','coffee','리큅 올인원 에스프레소 머신',90000,'/resources/images/platinum59/coffee.jpg');
Insert into PRODUCT_DETAIL (PRODUCT_SN,BOX_CODE,PRODUCT_NAME,PRODUCT_DESCRIPTION,PRODUCT_PRICE,PRODUCT_IMG) values (204,'RBOX02','airfryer','촉촉 스팀 에어프라이어 FD231',80000,'/resources/images/platinum59/airfryer.jpg');
Insert into PRODUCT_DETAIL (PRODUCT_SN,BOX_CODE,PRODUCT_NAME,PRODUCT_DESCRIPTION,PRODUCT_PRICE,PRODUCT_IMG) values (205,'RBOX02','equipment','코어머슬 복근운동',78000,'/resources/images/platinum59/equipment.jpg');
Insert into PRODUCT_DETAIL (PRODUCT_SN,BOX_CODE,PRODUCT_NAME,PRODUCT_DESCRIPTION,PRODUCT_PRICE,PRODUCT_IMG) values (206,'RBOX02','razor','필립스 9시리즈 전자면도기',75000,'/resources/images/platinum59/razor.jpg');
Insert into PRODUCT_DETAIL (PRODUCT_SN,BOX_CODE,PRODUCT_NAME,PRODUCT_DESCRIPTION,PRODUCT_PRICE,PRODUCT_IMG) values (207,'RBOX02','processor','아이닉 시그니처 가정용 음식물 분쇄/건조기',70000,'/resources/images/platinum59/processor.jpg');
Insert into PRODUCT_DETAIL (PRODUCT_SN,BOX_CODE,PRODUCT_NAME,PRODUCT_DESCRIPTION,PRODUCT_PRICE,PRODUCT_IMG) values (208,'RBOX02','ginseng','정관장 홍삼진고 250g*2',60000,'/resources/images/platinum59/ginseng.jpg');
Insert into PRODUCT_DETAIL (PRODUCT_SN,BOX_CODE,PRODUCT_NAME,PRODUCT_DESCRIPTION,PRODUCT_PRICE,PRODUCT_IMG) values (209,'RBOX02','giftset','한우선물세트',60000,'/resources/images/platinum59/giftset.jpg');
Insert into PRODUCT_DETAIL (PRODUCT_SN,BOX_CODE,PRODUCT_NAME,PRODUCT_DESCRIPTION,PRODUCT_PRICE,PRODUCT_IMG) values (210,'RBOX02','antlers','토종마을 약령녹용보 30',60000,'/resources/images/platinum59/antlers.jpg');
Insert into PRODUCT_DETAIL (PRODUCT_SN,BOX_CODE,PRODUCT_NAME,PRODUCT_DESCRIPTION,PRODUCT_PRICE,PRODUCT_IMG) values (301,'RBOX03','backpack','스탠다드 북 백팩',59000,'/resources/images/gold49/backpack.jpg');
Insert into PRODUCT_DETAIL (PRODUCT_SN,BOX_CODE,PRODUCT_NAME,PRODUCT_DESCRIPTION,PRODUCT_PRICE,PRODUCT_IMG) values (302,'RBOX03','shoes','뉴발란스 530 블랙 신발',58000,'/resources/images/gold49/shoes.jpg');
Insert into PRODUCT_DETAIL (PRODUCT_SN,BOX_CODE,PRODUCT_NAME,PRODUCT_DESCRIPTION,PRODUCT_PRICE,PRODUCT_IMG) values (303,'RBOX03','jean','뱅뱅 남녀공용 타이트슬림 청바지',55000,'/resources/images/gold49/jean.jpg');
Insert into PRODUCT_DETAIL (PRODUCT_SN,BOX_CODE,PRODUCT_NAME,PRODUCT_DESCRIPTION,PRODUCT_PRICE,PRODUCT_IMG) values (304,'RBOX03','bedcover','모달 쇼팽 그레이 침대커버',55000,'/resources/images/gold49/bedcover.jpg');
Insert into PRODUCT_DETAIL (PRODUCT_SN,BOX_CODE,PRODUCT_NAME,PRODUCT_DESCRIPTION,PRODUCT_PRICE,PRODUCT_IMG) values (305,'RBOX03','bookcase','인터리빙 소나무 원목 3단 9칸 책장',53000,'/resources/images/gold49/bookcase.jpg');
Insert into PRODUCT_DETAIL (PRODUCT_SN,BOX_CODE,PRODUCT_NAME,PRODUCT_DESCRIPTION,PRODUCT_PRICE,PRODUCT_IMG) values (306,'RBOX03','engine','지테크 멀티퍼포먼스 1L',52000,'/resources/images/gold49/engine.jpg');
Insert into PRODUCT_DETAIL (PRODUCT_SN,BOX_CODE,PRODUCT_NAME,PRODUCT_DESCRIPTION,PRODUCT_PRICE,PRODUCT_IMG) values (307,'RBOX03','centrum','센트룸 실버맨 70',50000,'/resources/images/gold49/centrum.jpg');
Insert into PRODUCT_DETAIL (PRODUCT_SN,BOX_CODE,PRODUCT_NAME,PRODUCT_DESCRIPTION,PRODUCT_PRICE,PRODUCT_IMG) values (308,'RBOX03','lemona','레모나 손흥민 에디션 70',50000,'/resources/images/gold49/lemona.jpg');
Insert into PRODUCT_DETAIL (PRODUCT_SN,BOX_CODE,PRODUCT_NAME,PRODUCT_DESCRIPTION,PRODUCT_PRICE,PRODUCT_IMG) values (309,'RBOX03','singift','신세계백화점 상품권 5만원권',50000,'/resources/images/gold49/singift.jpg');
Insert into PRODUCT_DETAIL (PRODUCT_SN,BOX_CODE,PRODUCT_NAME,PRODUCT_DESCRIPTION,PRODUCT_PRICE,PRODUCT_IMG) values (310,'RBOX03','fivegift','GS25 편의점 모바일상품권 5만원권',50000,'/resources/images/gold49/fivegift.jpg');
Insert into PRODUCT_DETAIL (PRODUCT_SN,BOX_CODE,PRODUCT_NAME,PRODUCT_DESCRIPTION,PRODUCT_PRICE,PRODUCT_IMG) values (401,'RBOX04','mixer','3중안전장치 1.75L 다용도 믹서기 분쇄기',49000,'/resources/images/silver29/mixer.jpg');
Insert into PRODUCT_DETAIL (PRODUCT_SN,BOX_CODE,PRODUCT_NAME,PRODUCT_DESCRIPTION,PRODUCT_PRICE,PRODUCT_IMG) values (402,'RBOX04','thermometer','녹십자 마이케어 체온계',45000,'/resources/images/silver29/thermometer.jpg');
Insert into PRODUCT_DETAIL (PRODUCT_SN,BOX_CODE,PRODUCT_NAME,PRODUCT_DESCRIPTION,PRODUCT_PRICE,PRODUCT_IMG) values (403,'RBOX04','honey','지리산 아카시아벌꿀',40000,'/resources/images/silver29/honey.jpg');
Insert into PRODUCT_DETAIL (PRODUCT_SN,BOX_CODE,PRODUCT_NAME,PRODUCT_DESCRIPTION,PRODUCT_PRICE,PRODUCT_IMG) values (404,'RBOX04','skirt','스포티앤리치 여성 미니스커트 BABY PINK',40000,'/resources/images/silver29/skirt.jpg');
Insert into PRODUCT_DETAIL (PRODUCT_SN,BOX_CODE,PRODUCT_NAME,PRODUCT_DESCRIPTION,PRODUCT_PRICE,PRODUCT_IMG) values (405,'RBOX04','onepiece','엘케이트 여성 끈나시 반팔 롱 데일리 드레스',35000,'/resources/images/silver29/onepiece.jpg');
Insert into PRODUCT_DETAIL (PRODUCT_SN,BOX_CODE,PRODUCT_NAME,PRODUCT_DESCRIPTION,PRODUCT_PRICE,PRODUCT_IMG) values (406,'RBOX04','torch','매그넘 ET LED 소형 손전등',35000,'/resources/images/silver29/torch.jpg');
Insert into PRODUCT_DETAIL (PRODUCT_SN,BOX_CODE,PRODUCT_NAME,PRODUCT_DESCRIPTION,PRODUCT_PRICE,PRODUCT_IMG) values (407,'RBOX04','toolbox','마노 공구함 MT-13',30000,'/resources/images/silver29/toolbox.jpg');
Insert into PRODUCT_DETAIL (PRODUCT_SN,BOX_CODE,PRODUCT_NAME,PRODUCT_DESCRIPTION,PRODUCT_PRICE,PRODUCT_IMG) values (408,'RBOX04','dumbbell','12각 아령',30000,'/resources/images/silver29/dumbbell.jpg');
Insert into PRODUCT_DETAIL (PRODUCT_SN,BOX_CODE,PRODUCT_NAME,PRODUCT_DESCRIPTION,PRODUCT_PRICE,PRODUCT_IMG) values (409,'RBOX04','parisgift','파리바게트 모바일교환권 3만원권',30000,'/resources/images/silver29/parisgift.jpg');
Insert into PRODUCT_DETAIL (PRODUCT_SN,BOX_CODE,PRODUCT_NAME,PRODUCT_DESCRIPTION,PRODUCT_PRICE,PRODUCT_IMG) values (410,'RBOX04','threegift','GS25 편의점 모바일상품권 3만원권',30000,'/resources/images/silver29/threegift.jpg');
Insert into PRODUCT_DETAIL (PRODUCT_SN,BOX_CODE,PRODUCT_NAME,PRODUCT_DESCRIPTION,PRODUCT_PRICE,PRODUCT_IMG) values (501,'RBOX05','paper','울트라클린 화장지 27M30롤',20000,'/resources/images/bronze9/paper.jpg');
Insert into PRODUCT_DETAIL (PRODUCT_SN,BOX_CODE,PRODUCT_NAME,PRODUCT_DESCRIPTION,PRODUCT_PRICE,PRODUCT_IMG) values (502,'RBOX05','fabric','다우니 초고농축 섬유유연제 대용량 3.8L',20000,'/resources/images/bronze9/fabric.jpg');
Insert into PRODUCT_DETAIL (PRODUCT_SN,BOX_CODE,PRODUCT_NAME,PRODUCT_DESCRIPTION,PRODUCT_PRICE,PRODUCT_IMG) values (503,'RBOX05','fedora','빌리버스 남자 밀짚챙모자',20000,'/resources/images/bronze9/fedora.jpg');
Insert into PRODUCT_DETAIL (PRODUCT_SN,BOX_CODE,PRODUCT_NAME,PRODUCT_DESCRIPTION,PRODUCT_PRICE,PRODUCT_IMG) values (504,'RBOX05','tshirt','도미넌트 디자인 아카이브 클럽 반팔티셔츠',18000,'/resources/images/bronze9/tshirt.jpg');
Insert into PRODUCT_DETAIL (PRODUCT_SN,BOX_CODE,PRODUCT_NAME,PRODUCT_DESCRIPTION,PRODUCT_PRICE,PRODUCT_IMG) values (505,'RBOX05','deodorant','피죤 섬유탈취제 스프레이 오리지널 490ml 3개',15000,'/resources/images/bronze9/deodorant.jpg');
Insert into PRODUCT_DETAIL (PRODUCT_SN,BOX_CODE,PRODUCT_NAME,PRODUCT_DESCRIPTION,PRODUCT_PRICE,PRODUCT_IMG) values (506,'RBOX05','ripstic','아르데코 퍼펙트 매트 립스틱',15000,'/resources/images/bronze9/ripstic.jpg');
Insert into PRODUCT_DETAIL (PRODUCT_SN,BOX_CODE,PRODUCT_NAME,PRODUCT_DESCRIPTION,PRODUCT_PRICE,PRODUCT_IMG) values (507,'RBOX05','traffic','티머니 교통카드(1만원충전)',12000,'/resources/images/bronze9/traffic.jpg');
Insert into PRODUCT_DETAIL (PRODUCT_SN,BOX_CODE,PRODUCT_NAME,PRODUCT_DESCRIPTION,PRODUCT_PRICE,PRODUCT_IMG) values (508,'RBOX05','dove','바디워시 1000ml',10000,'/resources/images/bronze9/dove.jpg');
Insert into PRODUCT_DETAIL (PRODUCT_SN,BOX_CODE,PRODUCT_NAME,PRODUCT_DESCRIPTION,PRODUCT_PRICE,PRODUCT_IMG) values (509,'RBOX05','mat','피크닉 나뭇잎 145x180 방수형',10000,'/resources/images/bronze9/mat.jpg');
Insert into PRODUCT_DETAIL (PRODUCT_SN,BOX_CODE,PRODUCT_NAME,PRODUCT_DESCRIPTION,PRODUCT_PRICE,PRODUCT_IMG) values (510,'RBOX05','ssanghwa','부채표 쌍화탕',10000,'/resources/images/bronze9/ssanghwa.jpg');
REM INSERTING into TRADE
SET DEFINE OFF;
Insert into TRADE (TRADE_ID,STATUS,REGIST_USER_PK,REGIST_PRODUCT_ID,REGIST_DATE,REGIST_COMMENT,APPLY_USER_PK,APPLY_PRODUCT_ID,APPLY_DATE,APPLY_COMMENT) values (50,'ACCEPT',121,'4db7827c-b09e-4093-90f4-f76468d23451',to_date('25/04/16','RR/MM/DD'),'텔레비전 등록',10,'a39eed18-0579-4e42-9f21-020ded4facbc',to_date('25/04/16','RR/MM/DD'),'user10의 아이폰 요청');
Insert into TRADE (TRADE_ID,STATUS,REGIST_USER_PK,REGIST_PRODUCT_ID,REGIST_DATE,REGIST_COMMENT,APPLY_USER_PK,APPLY_PRODUCT_ID,APPLY_DATE,APPLY_COMMENT) values (49,'STAY',121,'a2417c47-e16e-46f0-96a9-77e18b76c8b8',to_date('25/04/16','RR/MM/DD'),'철봉 등록',null,null,to_date('25/04/16','RR/MM/DD'),'코멘트가 없습니다.');
Insert into TRADE (TRADE_ID,STATUS,REGIST_USER_PK,REGIST_PRODUCT_ID,REGIST_DATE,REGIST_COMMENT,APPLY_USER_PK,APPLY_PRODUCT_ID,APPLY_DATE,APPLY_COMMENT) values (45,'STAY',7,'aaffbad0-d9c8-4249-ba41-69ba5dae032a',to_date('25/04/16','RR/MM/DD'),'user7 철봉등록 1346',null,null,to_date('25/04/16','RR/MM/DD'),'코멘트가 없습니다.');
Insert into TRADE (TRADE_ID,STATUS,REGIST_USER_PK,REGIST_PRODUCT_ID,REGIST_DATE,REGIST_COMMENT,APPLY_USER_PK,APPLY_PRODUCT_ID,APPLY_DATE,APPLY_COMMENT) values (44,'STAY',7,'b0155d2f-7da9-4f57-afb7-e4de09aab337',to_date('25/04/16','RR/MM/DD'),'user7 노트북 등록 1346',null,null,to_date('25/04/16','RR/MM/DD'),'코멘트가 없습니다.');
Insert into TRADE (TRADE_ID,STATUS,REGIST_USER_PK,REGIST_PRODUCT_ID,REGIST_DATE,REGIST_COMMENT,APPLY_USER_PK,APPLY_PRODUCT_ID,APPLY_DATE,APPLY_COMMENT) values (46,'STAY',7,'be5208b1-d058-4bfb-8905-280ae00e364c',to_date('25/04/16','RR/MM/DD'),'user7 정장등록 1346',null,null,to_date('25/04/16','RR/MM/DD'),'코멘트가 없습니다.');
Insert into TRADE (TRADE_ID,STATUS,REGIST_USER_PK,REGIST_PRODUCT_ID,REGIST_DATE,REGIST_COMMENT,APPLY_USER_PK,APPLY_PRODUCT_ID,APPLY_DATE,APPLY_COMMENT) values (61,'ACCEPT',7,'048d6250-d4a3-4fb5-bd7b-1db72950934a',to_date('25/04/16','RR/MM/DD'),'user7 로봇청소기 등록 1345',10,'a077f7fc-afb2-4b4f-b61e-9f9351b64422',to_date('25/04/16','RR/MM/DD'),'user10 노트북으로 요청');
Insert into TRADE (TRADE_ID,STATUS,REGIST_USER_PK,REGIST_PRODUCT_ID,REGIST_DATE,REGIST_COMMENT,APPLY_USER_PK,APPLY_PRODUCT_ID,APPLY_DATE,APPLY_COMMENT) values (41,'STAY',10,'d00e81c0-e19b-43f0-b392-1c557f5d418e',to_date('25/04/16','RR/MM/DD'),'유저10 아이폰 등록 1343',null,null,to_date('25/04/16','RR/MM/DD'),'코멘트가 없습니다.');
Insert into TRADE (TRADE_ID,STATUS,REGIST_USER_PK,REGIST_PRODUCT_ID,REGIST_DATE,REGIST_COMMENT,APPLY_USER_PK,APPLY_PRODUCT_ID,APPLY_DATE,APPLY_COMMENT) values (42,'STAY',10,'ca91f8a1-0816-466b-99cd-28b271270ada',to_date('25/04/16','RR/MM/DD'),'유저10 정장등록 1343',null,null,to_date('25/04/16','RR/MM/DD'),'코멘트가 없습니다.');
--------------------------------------------------------
--  DDL for Index SYS_C0016145
--------------------------------------------------------

  CREATE UNIQUE INDEX "SYS_C0016145" ON "MEMBER" ("USER_PK") 
  PCTFREE 10 INITRANS 2 MAXTRANS 255 COMPUTE STATISTICS 
  STORAGE(INITIAL 65536 NEXT 1048576 MINEXTENTS 1 MAXEXTENTS 2147483645
  PCTINCREASE 0 FREELISTS 1 FREELIST GROUPS 1
  BUFFER_POOL DEFAULT FLASH_CACHE DEFAULT CELL_FLASH_CACHE DEFAULT)
  TABLESPACE "USERS" ;
--------------------------------------------------------
--  DDL for Index SYS_C0016146
--------------------------------------------------------

  CREATE UNIQUE INDEX "SYS_C0016146" ON "MEMBER" ("USER_ID") 
  PCTFREE 10 INITRANS 2 MAXTRANS 255 COMPUTE STATISTICS 
  STORAGE(INITIAL 65536 NEXT 1048576 MINEXTENTS 1 MAXEXTENTS 2147483645
  PCTINCREASE 0 FREELISTS 1 FREELIST GROUPS 1
  BUFFER_POOL DEFAULT FLASH_CACHE DEFAULT CELL_FLASH_CACHE DEFAULT)
  TABLESPACE "USERS" ;
--------------------------------------------------------
--  DDL for Index SYS_C0016147
--------------------------------------------------------

  CREATE UNIQUE INDEX "SYS_C0016147" ON "MEMBER" ("USER_NICKNAME") 
  PCTFREE 10 INITRANS 2 MAXTRANS 255 COMPUTE STATISTICS 
  STORAGE(INITIAL 65536 NEXT 1048576 MINEXTENTS 1 MAXEXTENTS 2147483645
  PCTINCREASE 0 FREELISTS 1 FREELIST GROUPS 1
  BUFFER_POOL DEFAULT FLASH_CACHE DEFAULT CELL_FLASH_CACHE DEFAULT)
  TABLESPACE "USERS" ;
--------------------------------------------------------
--  DDL for Index SYS_C0016150
--------------------------------------------------------

  CREATE UNIQUE INDEX "SYS_C0016150" ON "PRODUCT" ("PRODUCT_ID") 
  PCTFREE 10 INITRANS 2 MAXTRANS 255 COMPUTE STATISTICS 
  STORAGE(INITIAL 65536 NEXT 1048576 MINEXTENTS 1 MAXEXTENTS 2147483645
  PCTINCREASE 0 FREELISTS 1 FREELIST GROUPS 1
  BUFFER_POOL DEFAULT FLASH_CACHE DEFAULT CELL_FLASH_CACHE DEFAULT)
  TABLESPACE "USERS" ;
--------------------------------------------------------
--  DDL for Index SYS_C0016143
--------------------------------------------------------

  CREATE UNIQUE INDEX "SYS_C0016143" ON "PRODUCT_DETAIL" ("PRODUCT_SN") 
  PCTFREE 10 INITRANS 2 MAXTRANS 255 COMPUTE STATISTICS 
  STORAGE(INITIAL 65536 NEXT 1048576 MINEXTENTS 1 MAXEXTENTS 2147483645
  PCTINCREASE 0 FREELISTS 1 FREELIST GROUPS 1
  BUFFER_POOL DEFAULT FLASH_CACHE DEFAULT CELL_FLASH_CACHE DEFAULT)
  TABLESPACE "USERS" ;
--------------------------------------------------------
--  DDL for Trigger TRG_TRADE_REGIST
--------------------------------------------------------

  CREATE OR REPLACE EDITIONABLE TRIGGER "TRG_TRADE_REGIST" 
AFTER INSERT ON TRADE
FOR EACH ROW
BEGIN
IF :NEW.APPLY_PRODUCT_ID IS NULL THEN
UPDATE PRODUCT SET STATUS = 'TRADE'
WHERE PRODUCT_ID = :NEW.REGIST_PRODUCT_ID AND STATUS = 'HAVE';
END IF;
IF :NEW.APPLY_PRODUCT_ID IS NOT NULL THEN
UPDATE PRODUCT SET STATUS = 'TRADE'
WHERE PRODUCT_ID = :NEW.APPLY_PRODUCT_ID AND STATUS = 'HAVE';
END IF;
END;

/
ALTER TRIGGER "TRG_TRADE_REGIST" ENABLE;
--------------------------------------------------------
--  Constraints for Table BOX
--------------------------------------------------------

  ALTER TABLE "BOX" MODIFY ("BOX_CODE" NOT NULL ENABLE);
  ALTER TABLE "BOX" MODIFY ("BOX_IMG_CODE" NOT NULL ENABLE);
  ALTER TABLE "BOX" MODIFY ("BOX_PRICE" NOT NULL ENABLE);
  ALTER TABLE "BOX" MODIFY ("BOX_NAME" NOT NULL ENABLE);
--------------------------------------------------------
--  Constraints for Table BOX_IMG
--------------------------------------------------------

  ALTER TABLE "BOX_IMG" MODIFY ("BOX_IMG_CODE" NOT NULL ENABLE);
  ALTER TABLE "BOX_IMG" MODIFY ("BOX_IMG" NOT NULL ENABLE);
--------------------------------------------------------
--  Constraints for Table DELIVERY
--------------------------------------------------------

  ALTER TABLE "DELIVERY" MODIFY ("ORDER_ID" NOT NULL ENABLE);
  ALTER TABLE "DELIVERY" MODIFY ("PRODUCT_ID" NOT NULL ENABLE);
  ALTER TABLE "DELIVERY" MODIFY ("ADDRESS" NOT NULL ENABLE);
  ALTER TABLE "DELIVERY" ADD CHECK (DELIVERY_STATUS IN('PROGRESS', 'COMPLETE')) ENABLE;
--------------------------------------------------------
--  Constraints for Table MEMBER
--------------------------------------------------------

  ALTER TABLE "MEMBER" MODIFY ("USER_ID" NOT NULL ENABLE);
  ALTER TABLE "MEMBER" ADD PRIMARY KEY ("USER_PK")
  USING INDEX PCTFREE 10 INITRANS 2 MAXTRANS 255 COMPUTE STATISTICS 
  STORAGE(INITIAL 65536 NEXT 1048576 MINEXTENTS 1 MAXEXTENTS 2147483645
  PCTINCREASE 0 FREELISTS 1 FREELIST GROUPS 1
  BUFFER_POOL DEFAULT FLASH_CACHE DEFAULT CELL_FLASH_CACHE DEFAULT)
  TABLESPACE "USERS"  ENABLE;
  ALTER TABLE "MEMBER" ADD UNIQUE ("USER_ID")
  USING INDEX PCTFREE 10 INITRANS 2 MAXTRANS 255 COMPUTE STATISTICS 
  STORAGE(INITIAL 65536 NEXT 1048576 MINEXTENTS 1 MAXEXTENTS 2147483645
  PCTINCREASE 0 FREELISTS 1 FREELIST GROUPS 1
  BUFFER_POOL DEFAULT FLASH_CACHE DEFAULT CELL_FLASH_CACHE DEFAULT)
  TABLESPACE "USERS"  ENABLE;
  ALTER TABLE "MEMBER" ADD UNIQUE ("USER_NICKNAME")
  USING INDEX PCTFREE 10 INITRANS 2 MAXTRANS 255 COMPUTE STATISTICS 
  STORAGE(INITIAL 65536 NEXT 1048576 MINEXTENTS 1 MAXEXTENTS 2147483645
  PCTINCREASE 0 FREELISTS 1 FREELIST GROUPS 1
  BUFFER_POOL DEFAULT FLASH_CACHE DEFAULT CELL_FLASH_CACHE DEFAULT)
  TABLESPACE "USERS"  ENABLE;
--------------------------------------------------------
--  Constraints for Table PAY_BOX
--------------------------------------------------------

  ALTER TABLE "PAY_BOX" MODIFY ("PAY_ID" NOT NULL ENABLE);
  ALTER TABLE "PAY_BOX" MODIFY ("USER_PK" NOT NULL ENABLE);
  ALTER TABLE "PAY_BOX" MODIFY ("BOX_CODE" NOT NULL ENABLE);
  ALTER TABLE "PAY_BOX" MODIFY ("PRICE" NOT NULL ENABLE);
  ALTER TABLE "PAY_BOX" MODIFY ("PAY_DATE" NOT NULL ENABLE);
  ALTER TABLE "PAY_BOX" ADD CHECK (PAY_METHOD IN ('카드결제','계좌이체','간편결제')) ENABLE;
  ALTER TABLE "PAY_BOX" ADD CHECK (STATUS IN ('UNUSED','USED','REFUND')) ENABLE;
--------------------------------------------------------
--  Constraints for Table PRODUCT
--------------------------------------------------------

  ALTER TABLE "PRODUCT" MODIFY ("USER_PK" NOT NULL ENABLE);
  ALTER TABLE "PRODUCT" MODIFY ("PRODUCT_SN" NOT NULL ENABLE);
  ALTER TABLE "PRODUCT" ADD PRIMARY KEY ("PRODUCT_ID")
  USING INDEX PCTFREE 10 INITRANS 2 MAXTRANS 255 COMPUTE STATISTICS 
  STORAGE(INITIAL 65536 NEXT 1048576 MINEXTENTS 1 MAXEXTENTS 2147483645
  PCTINCREASE 0 FREELISTS 1 FREELIST GROUPS 1
  BUFFER_POOL DEFAULT FLASH_CACHE DEFAULT CELL_FLASH_CACHE DEFAULT)
  TABLESPACE "USERS"  ENABLE;
--------------------------------------------------------
--  Constraints for Table PRODUCT_DETAIL
--------------------------------------------------------

  ALTER TABLE "PRODUCT_DETAIL" MODIFY ("BOX_CODE" NOT NULL ENABLE);
  ALTER TABLE "PRODUCT_DETAIL" MODIFY ("PRODUCT_PRICE" NOT NULL ENABLE);
  ALTER TABLE "PRODUCT_DETAIL" ADD PRIMARY KEY ("PRODUCT_SN")
  USING INDEX PCTFREE 10 INITRANS 2 MAXTRANS 255 COMPUTE STATISTICS 
  STORAGE(INITIAL 65536 NEXT 1048576 MINEXTENTS 1 MAXEXTENTS 2147483645
  PCTINCREASE 0 FREELISTS 1 FREELIST GROUPS 1
  BUFFER_POOL DEFAULT FLASH_CACHE DEFAULT CELL_FLASH_CACHE DEFAULT)
  TABLESPACE "USERS"  ENABLE;
--------------------------------------------------------
--  Constraints for Table TRADE
--------------------------------------------------------

  ALTER TABLE "TRADE" MODIFY ("TRADE_ID" NOT NULL ENABLE);
  ALTER TABLE "TRADE" MODIFY ("REGIST_USER_PK" NOT NULL ENABLE);
  ALTER TABLE "TRADE" MODIFY ("REGIST_PRODUCT_ID" NOT NULL ENABLE);
  ALTER TABLE "TRADE" MODIFY ("REGIST_DATE" NOT NULL ENABLE);
  ALTER TABLE "TRADE" ADD CHECK (STATUS IN ('STAY','ACCEPT','REJECT')) ENABLE;
--------------------------------------------------------
--  Ref Constraints for Table PRODUCT
--------------------------------------------------------

  ALTER TABLE "PRODUCT" ADD CONSTRAINT "FK_PRODUCT_USER" FOREIGN KEY ("USER_PK")
	  REFERENCES "MEMBER" ("USER_PK") ENABLE;
  ALTER TABLE "PRODUCT" ADD CONSTRAINT "FK_PRODUCT_DETAIL" FOREIGN KEY ("PRODUCT_SN")
	  REFERENCES "PRODUCT_DETAIL" ("PRODUCT_SN") ENABLE;
